<?xml version="1.0" encoding="UTF-8"?><atlassian-plugin key="com.atlassian.jira.plugin.jirasslplugin" name="JIRA SSL Add-on" plugins-version="2"><plugin-info><description>This plugin enables automatic configuration of JIRA SSL.</description><version>3.1</version><vendor name="Atlassian" url="http://www.atlassian.com/"/></plugin-info><resource type="i18n" name="i18n" location="jirasslplugin"/><webwork1 key="configure-ssl-action" name="Configure SSL Action"><actions><action name="com.atlassian.jira.plugin.ConfigureSsl" alias="ConfigureSsl1" roles-required="sysadmin"><view name="configure">/secure/admin/configuressl.vm</view><view name="success">/secure/admin/renderssl.vm</view><view name="denied">/secure/views/securitybreach.jsp</view></action></actions></webwork1><web-item key="ssl_config" name="SSL Configuration" section="top_system_section/troubleshooting_and_support" weight="10"><description key="admin.menu.system.ssl.desc">Configure SSL</description><condition class="com.atlassian.jira.plugin.webfragment.conditions.UserIsSysAdminCondition"/><label key="admin.menu.system.ssl"/><link linkId="ssl_config">/secure/admin/ConfigureSsl1.jspa</link></web-item></atlassian-plugin>